"laura.jin3@gmail.com" <laura.jin3@gmail.com>, ||
"armaankatyal3@gmail.com" <armaankatyal3@gmail.com>,
"cindyqquach@gmail.com" <cindyqquach@gmail.com>, ||
"GRACEJEKIM61@GMAIL.COM" <GRACEJEKIM61@gmail.com>, ||
"maitaelionpreece@gmail.com" <maitaelionpreece@gmail.com>, ||
"laykeijones@gmail.com" <laykeijones@gmail.com>, ||
"rachelreyes2403@gmail.com" <rachelreyes2403@gmail.com>, ||
"zmeiron@msn.com" <zmeiron@msn.com>, ||
"mkimykol225@gmail.com" <mkimykol225@gmail.com>, ||
"isaacbpace@gmail.com" <isaacbpace@gmail.com>, ||
"taylorben2025@gmail.com" <taylorben2025@gmail.com>, ||
"mason123wp@gmail.com" <mason123wp@gmail.com>, ||
"honcharova.sasha@gmail.com" <honcharova.sasha@gmail.com>, ||
"yalda.ghasemi96@gmail.com" <yalda.ghasemi96@gmail.com>, ||
"minh.fang@outlook.com" <minh.fang@outlook.com>, ||
"rohitchauhanwork@gmail.com" <rohitchauhanwork@gmail.com>, ||
"yeshnisavadatti@gmail.com" <yeshnisavadatti@gmail.com>, ||
"niina02r9@gmail.com" <niina02r9@gmail.com>, ||
"ethan.pini@gmail.com" <ethan.pini@gmail.com>, ||
"caroline@shouraboura.com" <caroline@shouraboura.com>, ||
"gia.arah@gmail.com" <gia.arah@gmail.com>, ||
"saqadeer76@gmail.com" <saqadeer76@gmail.com>, ||
"ryanmckim01@gmail.com" <ryanmckim01@gmail.com>, ||
"iawardere3@gmail.com" <iawardere3@gmail.com>, ||
"john.j.song@hotmail.com" <john.j.song@hotmail.com>, ||
"ally.guo33@gmail.com" <ally.guo33@gmail.com>, ||
"Fianablaze@gmail.com" <Fianablaze@gmail.com>, ||
"alice95131@icloud.com" <alice95131@icloud.com>, ||
"lauraruoxiyang@gmail.com" <lauraruoxiyang@gmail.com>, ||
"sanjithsenthilr@gmail.com" <sanjithsenthilr@gmail.com>, ||
"18840864172@163.com" <18840864172@163.com>, ||



"rsakuraperry@gmail.com" <rsakuraperry@gmail.com>,
"sjiang11987@gmail.com" <sjiang11987@gmail.com>,
"brooksalit@gmail.com" <brooksalit@gmail.com>,
"Janeholleyf@gmail.com" <Janeholleyf@gmail.com>,
"ben@millerphx.com" <ben@millerphx.com>,
"jonahbera@gmail.com" <jonahbera@gmail.com>,
"galinabovyk@gmail.com" <galinabovyk@gmail.com>,
"avarubin@gmail.com" <avarubin@gmail.com>,
"izziferdico@gmail.com" <izziferdico@gmail.com>,
"kimmyma99@gmail.com" <kimmyma99@gmail.com>,
"samantha.sayson03@gmail.com" <samantha.sayson03@gmail.com>,
"tammyding12@gmail.com" <tammyding12@gmail.com>,
"brizbird14@gmail.com" <brizbird14@gmail.com>,
"azraillu@gmail.com" <azraillu@gmail.com>,
"michaelszolowicz@gmail.com" <michaelszolowicz@gmail.com>,
"evelynrobertslee@gmail.com" <evelynrobertslee@gmail.com>,
"carolinelilyyu.info@gmail.com" <carolinelilyyu.info@gmail.com>,
"jofisch@seas.upenn.edu" <jofisch@seas.upenn.edu>,
"pranavcumar@hotmail.com" <pranavcumar@hotmail.com>,
"rileymmei@gmail.com" <rileymmei@gmail.com>,
"charlet.gaelle1@gmail.com" <charlet.gaelle1@gmail.com>,
"marissasmancini@gmail.com" <marissasmancini@gmail.com>,
"ruariroot@gmail.com" <ruariroot@gmail.com>,
"johnmanardiii@gmail.com" <johnmanardiii@gmail.com>,
"drew.j.henderson.01@gmail.com" <drew.j.henderson.01@gmail.com>,
"michele.kauahi@gmail.com" <michele.kauahi@gmail.com>,
"memorein@duck.com" <memorein@duck.com>,
"lgntravis@gmail.com" <lgntravis@gmail.com>,
"shryliart@gmail.com" <shryliart@gmail.com>,
"michellemwpei@gmail.com" <michellemwpei@gmail.com>,
"shirkharmony@gmail.com" <shirkharmony@gmail.com>,
"krishlal4204@gmail.com" <krishlal4204@gmail.com>,
"taylor.yingshi@gmail.com" <taylor.yingshi@gmail.com>,
"jeri.baccari@gmail.com" <jeri.baccari@gmail.com>,
"tyler02may@gmail.com" <tyler02may@gmail.com>,
"chang.m.theresa@gmail.com" <chang.m.theresa@gmail.com>,
"francescamancillas@gmail.com" <francescamancillas@gmail.com>,
"yaming.xu.gr@dartmouth.edu" <yaming.xu.gr@dartmouth.edu>,
"chineduegbujor45@gmail.com" <chineduegbujor45@gmail.com>,
"alavacek@umich.edu" <alavacek@umich.edu>,
"cavun@usc.edu" <cavun@usc.edu>,
"leonardociappiciabatti@gmail.com" <leonardociappiciabatti@gmail.com>,
"alex.mestre@kellogg.northwestern.edu" <alex.mestre@kellogg.northwestern.edu>,
"christinawu19@g.ucla.edu" <christinawu19@g.ucla.edu>,
"prutha@wharton.upenn.edu" <prutha@wharton.upenn.edu>,
"yuqi.zhao.2025@anderson.ucla.edu" <yuqi.zhao.2025@anderson.ucla.edu>,
"bnt@sfu.ca" <bnt@sfu.ca>,
"dnix@sfu.ca" <dnix@sfu.ca>,
"yulongdai2025@u.northwestern.edu" <yulongdai2025@u.northwestern.edu>,
"pthakur3@illinois.edu" <pthakur3@illinois.edu>,
"alienchi@ucla.edu" <alienchi@ucla.edu>,
"victorfu@mit.edu" <victorfu@mit.edu>,
"olivia.levine.2025@anderson.ucla.edu" <olivia.levine.2025@anderson.ucla.edu>,
"craymund@usc.edu" <craymund@usc.edu>,
"cmt392@drexel.edu" <cmt392@drexel.edu>,
"mastrangelo.t@northeastern.edu" <mastrangelo.t@northeastern.edu>,
"kbettridge@nevada.unr.edu" <kbettridge@nevada.unr.edu>,
"juk99@pitt.edu" <juk99@pitt.edu>,
"dylanhamuy@berkeley.edu" <dylanhamuy@berkeley.edu>,
"cshepard@caltech.edu" <cshepard@caltech.edu>,
"andrewqi@usc.edu" <andrewqi@usc.edu>,
"maxzhou@stanford.edu" <maxzhou@stanford.edu>,
"sally.fu@kellogg.northwestern.edu" <sally.fu@kellogg.northwestern.edu>,
"mtanzeen@uw.edu" <mtanzeen@uw.edu>,
"donahue.kel@northeastern.edu" <donahue.kel@northeastern.edu>,
"swebb04@tufts.edu" <swebb04@tufts.edu>,
"haydenrhn@gatech.edu" <haydenrhn@gatech.edu>,
"dakang2025@u.northwestern.edu" <dakang2025@u.northwestern.edu>,
"hholcomb@chicagobooth.edu" <hholcomb@chicagobooth.edu>,
"cgarner35@gatech.edu" <cgarner35@gatech.edu>,
"baichuanwang@g.ucla.edu" <baichuanwang@g.ucla.edu>,
"shannon.brown.2025@anderson.ucla.edu" <shannon.brown.2025@anderson.ucla.edu>,
"rtan5@student.ubc.ca" <rtan5@student.ubc.ca>,
"jan_jasa1@baylor.edu" <jan_jasa1@baylor.edu>,


Early Careers <Early.Careers@activisionblizzard.com>,
"McLeaird, Lauren" <Lauren.McLeaird@activision.com>,
"Noack, Spencer" <Spencer.Noack@activision.com>,
"Andrade, Sadie" <Sadie.Andrade@activision.com>